-- phpMyAdmin SQL Dump
-- version 5.1.1
-- https://www.phpmyadmin.net/
--
-- Host: 127.0.0.1
-- Generation Time: Apr 04, 2022 at 08:51 PM
-- Server version: 10.4.22-MariaDB
-- PHP Version: 8.1.2

SET SQL_MODE = "NO_AUTO_VALUE_ON_ZERO";
START TRANSACTION;
SET time_zone = "+00:00";


/*!40101 SET @OLD_CHARACTER_SET_CLIENT=@@CHARACTER_SET_CLIENT */;
/*!40101 SET @OLD_CHARACTER_SET_RESULTS=@@CHARACTER_SET_RESULTS */;
/*!40101 SET @OLD_COLLATION_CONNECTION=@@COLLATION_CONNECTION */;
/*!40101 SET NAMES utf8mb4 */;

--
-- Database: `apiapp2`
--

-- --------------------------------------------------------

--
-- Table structure for table `admin_main`
--

CREATE TABLE `admin_main` (
  `id_staff_main` int(11) NOT NULL,
  `username` varchar(30) NOT NULL,
  `password` varchar(250) NOT NULL
) ENGINE=InnoDB DEFAULT CHARSET=latin1;

--
-- Dumping data for table `admin_main`
--

INSERT INTO `admin_main` (`id_staff_main`, `username`, `password`) VALUES
(1, 'Thanaphat', 'e10adc3949ba59abbe56e057f20f883e');

-- --------------------------------------------------------

--
-- Table structure for table `drop_room`
--

CREATE TABLE `drop_room` (
  `drop_id_room` int(11) NOT NULL,
  `drop_name_room` varchar(30) NOT NULL,
  `drop_image_room` varchar(250) NOT NULL,
  `drop_api_degrees` varchar(250) NOT NULL,
  `drop_id_position` int(11) NOT NULL
) ENGINE=InnoDB DEFAULT CHARSET=latin1;

-- --------------------------------------------------------

--
-- Table structure for table `drop_user`
--

CREATE TABLE `drop_user` (
  `id_staff_drop` int(11) NOT NULL,
  `first_name_drop` varchar(30) CHARACTER SET utf8mb4 NOT NULL,
  `last_name_drop` varchar(30) CHARACTER SET utf8mb4 NOT NULL,
  `username_drop` varchar(30) CHARACTER SET utf8mb4 NOT NULL,
  `password_drop` varchar(10) CHARACTER SET utf8mb4 NOT NULL,
  `image_staff_drop` varchar(255) NOT NULL,
  `name_position` varchar(30) CHARACTER SET utf8mb4 NOT NULL
) ENGINE=InnoDB DEFAULT CHARSET=latin1;

-- --------------------------------------------------------

--
-- Table structure for table `notify`
--

CREATE TABLE `notify` (
  `notitfy_id` int(11) NOT NULL,
  `room_id` int(11) NOT NULL,
  `sanser_id` int(10) NOT NULL,
  `prescribe_temp` float NOT NULL,
  `Date` timestamp NOT NULL DEFAULT current_timestamp() ON UPDATE current_timestamp(),
  `id_position` int(11) NOT NULL
) ENGINE=InnoDB DEFAULT CHARSET=utf8mb4;

--
-- Dumping data for table `notify`
--

INSERT INTO `notify` (`notitfy_id`, `room_id`, `sanser_id`, `prescribe_temp`, `Date`, `id_position`) VALUES
(241, 1, 1, 30, '2022-03-31 15:50:56', 12);

-- --------------------------------------------------------

--
-- Table structure for table `room`
--

CREATE TABLE `room` (
  `room_id` int(10) NOT NULL,
  `room_name` varchar(30) NOT NULL,
  `image_room` varchar(255) NOT NULL,
  `id_position` int(11) NOT NULL,
  `token_device` varchar(200) NOT NULL,
  `sensor_id` int(11) NOT NULL
) ENGINE=InnoDB DEFAULT CHARSET=utf8mb4;

--
-- Dumping data for table `room`
--

INSERT INTO `room` (`room_id`, `room_name`, `image_room`, `id_position`, `token_device`, `sensor_id`) VALUES
(1, 'ห้องไอที', 'https://www.techtalkthai.com/wp-content/uploads/2019/07/uih_bch4_dc_4-600x358.jpg', 12, '', 1),
(2, 'ห้องเซิฟเวอร์อาคารใหม่', 'https://www.itbtthai.com/wp-content/uploads/2018/11/data-center.jpg', 12, '', 2);

-- --------------------------------------------------------

--
-- Table structure for table `senson`
--

CREATE TABLE `senson` (
  `sensor_id` int(11) NOT NULL,
  `sensor_name` varchar(150) CHARACTER SET utf8mb4 NOT NULL
) ENGINE=InnoDB DEFAULT CHARSET=latin1;

--
-- Dumping data for table `senson`
--

INSERT INTO `senson` (`sensor_id`, `sensor_name`) VALUES
(1, 'sensor1'),
(2, 'sensor2');

-- --------------------------------------------------------

--
-- Table structure for table `staff`
--

CREATE TABLE `staff` (
  `id_staff` int(11) NOT NULL,
  `first_name` varchar(30) NOT NULL,
  `last_name` varchar(30) NOT NULL,
  `username` varchar(30) NOT NULL,
  `password` varchar(50) NOT NULL,
  `image_staff` varchar(250) NOT NULL,
  `name_position` varchar(30) NOT NULL,
  `id_position` int(11) NOT NULL,
  `token_staff` varchar(255) NOT NULL
) ENGINE=InnoDB DEFAULT CHARSET=utf8mb4;

--
-- Dumping data for table `staff`
--

INSERT INTO `staff` (`id_staff`, `first_name`, `last_name`, `username`, `password`, `image_staff`, `name_position`, `id_position`, `token_staff`) VALUES
(68, 'ธนภัทร์', 'ปิ่นทอง', 'Khiw', 'e10adc3949ba59abbe56e057f20f883e', '', 'นักศึกษา', 12, 'cNesxdy7RyyPYbWRSGuUFq:APA91bGaO-3cwFSmVvJcIhtiJpviMhrbXmT5hKgW-Mr_S1T4fsHeZ5uEo67pCXzoMXQWfSPcIq3x5PEChBtlqMBMWNQFMzhr1BSq0vBTH6GZVM_4bs0k2qgSRXJQZHKg89ibb6prP_oI');

-- --------------------------------------------------------

--
-- Table structure for table `staff_admin`
--

CREATE TABLE `staff_admin` (
  `id_staffadmin` int(11) NOT NULL,
  `username` varchar(30) NOT NULL,
  `password` varchar(50) NOT NULL,
  `image_staff` varchar(250) NOT NULL
) ENGINE=InnoDB DEFAULT CHARSET=utf8mb4;

--
-- Dumping data for table `staff_admin`
--

INSERT INTO `staff_admin` (`id_staffadmin`, `username`, `password`, `image_staff`) VALUES
(3, 'khiw1', 'e10adc3949ba59abbe56e057f20f883e', '112');

-- --------------------------------------------------------

--
-- Table structure for table `staff_position`
--

CREATE TABLE `staff_position` (
  `id_position` int(11) NOT NULL,
  `name_position` varchar(30) CHARACTER SET utf8 NOT NULL
) ENGINE=InnoDB DEFAULT CHARSET=latin1;

--
-- Dumping data for table `staff_position`
--

INSERT INTO `staff_position` (`id_position`, `name_position`) VALUES
(12, 'ศูนย์ไอที'),
(14, 'ศูนย์วิจัย');

-- --------------------------------------------------------

--
-- Table structure for table `table_condition`
--

CREATE TABLE `table_condition` (
  `conondition_id` int(11) NOT NULL,
  `device_line_token_notify` text NOT NULL,
  `temp_value_condition` float NOT NULL,
  `temp_condition` enum('==','<=','<','>','>=') NOT NULL,
  `condition_text` varchar(150) NOT NULL,
  `senson_id` int(11) NOT NULL
) ENGINE=InnoDB DEFAULT CHARSET=latin1;

-- --------------------------------------------------------

--
-- Table structure for table `tb_temp`
--

CREATE TABLE `tb_temp` (
  `temp_id` int(11) NOT NULL,
  `room_id` int(10) NOT NULL,
  `sensor_id` int(3) DEFAULT NULL,
  `temp_temperature` float DEFAULT NULL,
  `temp_humidity` int(7) DEFAULT NULL,
  `temp_datetime` timestamp NOT NULL DEFAULT current_timestamp(),
  `temp_ip` varchar(50) COLLATE utf8_unicode_ci NOT NULL,
  `temp_ip_server` varchar(50) COLLATE utf8_unicode_ci NOT NULL
) ENGINE=InnoDB DEFAULT CHARSET=utf8 COLLATE=utf8_unicode_ci ROW_FORMAT=DYNAMIC;

--
-- Dumping data for table `tb_temp`
--

INSERT INTO `tb_temp` (`temp_id`, `room_id`, `sensor_id`, `temp_temperature`, `temp_humidity`, `temp_datetime`, `temp_ip`, `temp_ip_server`) VALUES
(654862, 1, 1, 30, 50, '2022-03-13 21:44:36', '172.16.11.67', '172.16.10.220'),
(654863, 1, 1, 19.5, 49, '2021-12-12 21:45:36', '172.16.11.67', '172.16.10.220'),
(654864, 1, 1, 19.3, 49, '2021-12-12 21:46:36', '172.16.11.67', '172.16.10.220'),
(654865, 1, 1, 19.4, 49, '2021-12-12 21:47:36', '172.16.11.67', '172.16.10.220'),
(654866, 1, 1, 19.3, 49, '2021-12-12 21:48:36', '172.16.11.67', '172.16.10.220'),
(654867, 1, 1, 19.3, 49, '2021-12-12 21:49:36', '172.16.11.67', '172.16.10.220'),
(654868, 1, 1, 19.3, 49, '2021-12-12 21:50:36', '172.16.11.67', '172.16.10.220'),
(654869, 1, 1, 19.3, 50, '2021-12-12 21:51:36', '172.16.11.67', '172.16.10.220'),
(654870, 1, 1, 19.5, 55, '2021-12-12 21:52:36', '172.16.11.67', '172.16.10.220'),
(654871, 1, 1, 19.8, 59, '2021-12-12 21:53:36', '172.16.11.67', '172.16.10.220'),
(654872, 1, 1, 20, 60, '2021-12-12 21:54:36', '172.16.11.67', '172.16.10.220'),
(654873, 1, 1, 20, 58, '2021-12-12 21:55:36', '172.16.11.67', '172.16.10.220'),
(654874, 1, 1, 19.9, 57, '2021-12-12 21:56:36', '172.16.11.67', '172.16.10.220'),
(654875, 1, 1, 19.9, 55, '2021-12-12 21:57:36', '172.16.11.67', '172.16.10.220'),
(654876, 1, 1, 19.8, 54, '2021-12-12 21:58:36', '172.16.11.67', '172.16.10.220'),
(654877, 1, 1, 19.8, 53, '2021-12-12 21:59:36', '172.16.11.67', '172.16.10.220'),
(654878, 1, 1, 19.7, 53, '2021-12-12 22:00:36', '172.16.11.67', '172.16.10.220'),
(654879, 1, 1, 19.7, 52, '2021-12-12 22:01:36', '172.16.11.67', '172.16.10.220'),
(654880, 1, 1, 19.6, 51, '2021-12-12 22:02:36', '172.16.11.67', '172.16.10.220'),
(654881, 1, 1, 19.6, 51, '2021-12-12 22:03:36', '172.16.11.67', '172.16.10.220'),
(654882, 1, 1, 19.6, 51, '2021-12-12 22:04:36', '172.16.11.67', '172.16.10.220'),
(654883, 1, 1, 19.6, 50, '2021-12-12 22:05:36', '172.16.11.67', '172.16.10.220'),
(654884, 1, 1, 19.5, 50, '2021-12-12 22:06:36', '172.16.11.67', '172.16.10.220'),
(654885, 1, 1, 19.5, 49, '2021-12-12 22:07:36', '172.16.11.67', '172.16.10.220'),
(654886, 1, 1, 19.5, 49, '2021-12-12 22:08:36', '172.16.11.67', '172.16.10.220'),
(654887, 1, 1, 19.4, 49, '2021-12-12 22:09:36', '172.16.11.67', '172.16.10.220'),
(654888, 1, 1, 19.4, 49, '2021-12-12 22:10:36', '172.16.11.67', '172.16.10.220'),
(654889, 1, 1, 19.4, 49, '2021-12-12 22:11:36', '172.16.11.67', '172.16.10.220'),
(654890, 1, 1, 19.4, 49, '2021-12-12 22:12:36', '172.16.11.67', '172.16.10.220'),
(654891, 1, 1, 19.4, 49, '2021-12-12 22:13:36', '172.16.11.67', '172.16.10.220'),
(654892, 1, 1, 19.4, 49, '2021-12-12 22:14:36', '172.16.11.67', '172.16.10.220'),
(654893, 1, 1, 19.3, 48, '2021-12-12 22:15:36', '172.16.11.67', '172.16.10.220'),
(654894, 1, 1, 19.3, 49, '2021-12-12 22:16:36', '172.16.11.67', '172.16.10.220'),
(654895, 1, 1, 19.3, 48, '2021-12-12 22:17:36', '172.16.11.67', '172.16.10.220'),
(654896, 1, 1, 19.3, 48, '2021-12-12 22:18:36', '172.16.11.67', '172.16.10.220'),
(654897, 1, 1, 19.3, 48, '2021-12-12 22:19:36', '172.16.11.67', '172.16.10.220'),
(654898, 1, 1, 19.3, 48, '2021-12-12 22:20:36', '172.16.11.67', '172.16.10.220'),
(654899, 1, 1, 19.3, 48, '2021-12-12 22:21:36', '172.16.11.67', '172.16.10.220'),
(654900, 1, 1, 19.2, 48, '2021-12-12 22:22:36', '172.16.11.67', '172.16.10.220'),
(654901, 1, 1, 19.2, 48, '2021-12-12 22:23:36', '172.16.11.67', '172.16.10.220'),
(654902, 1, 1, 19.1, 48, '2021-12-12 22:24:36', '172.16.11.67', '172.16.10.220'),
(654903, 1, 1, 19.1, 48, '2021-12-12 22:25:36', '172.16.11.67', '172.16.10.220'),
(654904, 1, 1, 19.1, 48, '2021-12-12 22:26:36', '172.16.11.67', '172.16.10.220'),
(654905, 1, 1, 19.1, 48, '2021-12-12 22:27:36', '172.16.11.67', '172.16.10.220'),
(654906, 1, 1, 19, 48, '2021-12-12 22:28:36', '172.16.11.67', '172.16.10.220'),
(654907, 1, 1, 19, 48, '2021-12-12 22:29:36', '172.16.11.67', '172.16.10.220'),
(654908, 1, 1, 19.1, 48, '2021-12-12 22:30:36', '172.16.11.67', '172.16.10.220'),
(654909, 1, 1, 19, 48, '2021-12-12 22:31:36', '172.16.11.67', '172.16.10.220'),
(654910, 1, 1, 19.1, 48, '2021-12-12 22:32:36', '172.16.11.67', '172.16.10.220'),
(654911, 1, 1, 19, 48, '2021-12-12 22:33:36', '172.16.11.67', '172.16.10.220'),
(654912, 1, 1, 18.9, 48, '2021-12-12 22:34:36', '172.16.11.67', '172.16.10.220'),
(654913, 1, 1, 19, 48, '2021-12-12 22:35:36', '172.16.11.67', '172.16.10.220'),
(654914, 1, 1, 19.1, 52, '2021-12-12 22:36:36', '172.16.11.67', '172.16.10.220'),
(654915, 1, 1, 19.3, 57, '2021-12-12 22:37:36', '172.16.11.67', '172.16.10.220'),
(654916, 1, 1, 19.6, 60, '2021-12-12 22:38:36', '172.16.11.67', '172.16.10.220'),
(654917, 1, 1, 19.7, 59, '2021-12-12 22:39:36', '172.16.11.67', '172.16.10.220'),
(654918, 1, 1, 19.7, 57, '2021-12-12 22:40:36', '172.16.11.67', '172.16.10.220'),
(654919, 1, 1, 19.6, 56, '2021-12-12 22:41:36', '172.16.11.67', '172.16.10.220'),
(654920, 1, 1, 19.6, 55, '2021-12-12 22:42:36', '172.16.11.67', '172.16.10.220'),
(654921, 1, 1, 19.5, 53, '2021-12-12 22:43:36', '172.16.11.67', '172.16.10.220'),
(654922, 1, 1, 19.4, 52, '2021-12-12 22:44:36', '172.16.11.67', '172.16.10.220'),
(654923, 1, 1, 19.4, 52, '2021-12-12 22:45:36', '172.16.11.67', '172.16.10.220'),
(654924, 1, 1, 19.4, 51, '2021-12-12 22:46:36', '172.16.11.67', '172.16.10.220'),
(654925, 1, 1, 19.3, 50, '2021-12-12 22:47:36', '172.16.11.67', '172.16.10.220'),
(654926, 1, 1, 19.3, 50, '2021-12-12 22:48:36', '172.16.11.67', '172.16.10.220'),
(654927, 1, 1, 19.3, 50, '2021-12-12 22:49:36', '172.16.11.67', '172.16.10.220'),
(654928, 1, 1, 19.3, 50, '2021-12-12 22:50:36', '172.16.11.67', '172.16.10.220'),
(654929, 1, 1, 19.3, 50, '2021-12-12 22:51:36', '172.16.11.67', '172.16.10.220'),
(654930, 1, 1, 19.3, 49, '2021-12-12 22:52:36', '172.16.11.67', '172.16.10.220'),
(654931, 1, 1, 19.2, 49, '2021-12-12 22:53:36', '172.16.11.67', '172.16.10.220'),
(654932, 1, 1, 19.2, 49, '2021-12-12 22:54:36', '172.16.11.67', '172.16.10.220'),
(654933, 1, 1, 19.2, 49, '2021-12-12 22:55:36', '172.16.11.67', '172.16.10.220'),
(654934, 1, 1, 19.1, 49, '2021-12-12 22:56:36', '172.16.11.67', '172.16.10.220'),
(654935, 1, 1, 19.1, 49, '2021-12-12 22:57:36', '172.16.11.67', '172.16.10.220'),
(654936, 1, 1, 19.1, 49, '2021-12-12 22:58:36', '172.16.11.67', '172.16.10.220'),
(654937, 1, 1, 19.1, 49, '2021-12-12 22:59:36', '172.16.11.67', '172.16.10.220'),
(654938, 1, 1, 19, 48, '2021-12-12 23:00:36', '172.16.11.67', '172.16.10.220'),
(654939, 1, 1, 19, 48, '2021-12-12 23:01:36', '172.16.11.67', '172.16.10.220'),
(654940, 1, 1, 19.1, 52, '2021-12-12 23:02:36', '172.16.11.67', '172.16.10.220'),
(654941, 1, 1, 19.3, 57, '2021-12-12 23:03:36', '172.16.11.67', '172.16.10.220'),
(654942, 1, 1, 19.6, 60, '2021-12-12 23:04:36', '172.16.11.67', '172.16.10.220'),
(654943, 1, 1, 19.7, 59, '2021-12-12 23:05:36', '172.16.11.67', '172.16.10.220'),
(654944, 1, 1, 19.7, 57, '2021-12-12 23:06:36', '172.16.11.67', '172.16.10.220'),
(654945, 1, 1, 19.7, 56, '2021-12-12 23:07:36', '172.16.11.67', '172.16.10.220'),
(654946, 1, 1, 19.7, 55, '2021-12-12 23:08:36', '172.16.11.67', '172.16.10.220'),
(654947, 1, 1, 19.6, 54, '2021-12-12 23:09:36', '172.16.11.67', '172.16.10.220'),
(654948, 1, 1, 19.6, 53, '2021-12-12 23:10:36', '172.16.11.67', '172.16.10.220'),
(654949, 1, 1, 19.5, 52, '2021-12-12 23:11:36', '172.16.11.67', '172.16.10.220'),
(654950, 1, 1, 19.5, 54, '2021-12-12 23:12:36', '172.16.11.67', '172.16.10.220'),
(654951, 1, 1, 19.7, 59, '2021-12-12 23:13:36', '172.16.11.67', '172.16.10.220'),
(654952, 1, 1, 20, 63, '2021-12-12 23:14:36', '172.16.11.67', '172.16.10.220'),
(654953, 1, 1, 20.1, 64, '2021-12-12 23:15:36', '172.16.11.67', '172.16.10.220'),
(654954, 1, 1, 20.1, 62, '2021-12-12 23:16:36', '172.16.11.67', '172.16.10.220'),
(654955, 1, 1, 20.1, 60, '2021-12-12 23:17:36', '172.16.11.67', '172.16.10.220'),
(654956, 1, 1, 20.1, 60, '2021-12-12 23:18:36', '172.16.11.67', '172.16.10.220'),
(654957, 1, 1, 20.3, 64, '2021-12-12 23:19:36', '172.16.11.67', '172.16.10.220'),
(654958, 1, 1, 20.4, 67, '2021-12-12 23:20:36', '172.16.11.67', '172.16.10.220'),
(654959, 1, 1, 20.6, 68, '2021-12-12 23:21:36', '172.16.11.67', '172.16.10.220'),
(654960, 1, 1, 20.6, 65, '2021-12-12 23:22:36', '172.16.11.67', '172.16.10.220'),
(654961, 1, 1, 20.6, 62, '2021-12-12 23:23:36', '172.16.11.67', '172.16.10.220'),
(654962, 1, 1, 20.5, 60, '2021-12-12 23:24:36', '172.16.11.67', '172.16.10.220'),
(654963, 1, 1, 20.4, 59, '2021-12-12 23:25:36', '172.16.11.67', '172.16.10.220'),
(654964, 1, 1, 20.2, 57, '2021-12-12 23:26:36', '172.16.11.67', '172.16.10.220'),
(654965, 1, 1, 20.1, 57, '2021-12-12 23:27:36', '172.16.11.67', '172.16.10.220'),
(654966, 1, 1, 20.3, 61, '2021-12-12 23:28:36', '172.16.11.67', '172.16.10.220'),
(654967, 1, 1, 20.5, 64, '2021-12-12 23:29:36', '172.16.11.67', '172.16.10.220'),
(654968, 1, 1, 20.7, 66, '2021-12-12 23:30:36', '172.16.11.67', '172.16.10.220'),
(654969, 2, 2, 20.8, 63, '2021-12-12 23:31:36', '172.16.11.67', '172.16.10.220'),
(654970, 1, 1, 20.7, 61, '2021-12-12 23:32:36', '172.16.11.67', '172.16.10.220'),
(654971, 1, 1, 20.5, 59, '2021-12-12 23:33:36', '172.16.11.67', '172.16.10.220'),
(654972, 1, 1, 20.4, 57, '2021-12-12 23:34:36', '172.16.11.67', '172.16.10.220'),
(654973, 1, 1, 20.4, 56, '2021-12-12 23:35:36', '172.16.11.67', '172.16.10.220'),
(654974, 1, 1, 20.2, 55, '2021-12-12 23:36:36', '172.16.11.67', '172.16.10.220'),
(654975, 1, 1, 20.2, 54, '2021-12-12 23:37:36', '172.16.11.67', '172.16.10.220'),
(654976, 1, 1, 20.3, 56, '2021-12-12 23:38:36', '172.16.11.67', '172.16.10.220'),
(654977, 1, 1, 20.5, 60, '2021-12-12 23:39:36', '172.16.11.67', '172.16.10.220'),
(654978, 1, 1, 20.7, 63, '2021-12-12 23:40:36', '172.16.11.67', '172.16.10.220'),
(654979, 1, 1, 20.8, 62, '2021-12-12 23:41:36', '172.16.11.67', '172.16.10.220'),
(654980, 1, 1, 20.9, 60, '2021-12-12 23:42:36', '172.16.11.67', '172.16.10.220'),
(654981, 1, 1, 20.7, 58, '2021-12-12 23:43:36', '172.16.11.67', '172.16.10.220'),
(654982, 1, 1, 20.6, 57, '2021-12-12 23:44:36', '172.16.11.67', '172.16.10.220'),
(654983, 1, 1, 20.4, 56, '2021-12-12 23:45:36', '172.16.11.67', '172.16.10.220'),
(654984, 1, 1, 20.8, 56, '2021-12-12 23:46:36', '172.16.11.67', '172.16.10.220'),
(654985, 1, 1, 21.1, 56, '2021-12-12 23:47:36', '172.16.11.67', '172.16.10.220'),
(654986, 1, 1, 21.5, 56, '2021-12-12 23:48:36', '172.16.11.67', '172.16.10.220'),
(654987, 1, 1, 21.8, 56, '2021-12-12 23:49:36', '172.16.11.67', '172.16.10.220'),
(654988, 1, 1, 22.1, 56, '2021-12-12 23:50:36', '172.16.11.67', '172.16.10.220'),
(654989, 1, 1, 22.3, 56, '2021-12-12 23:51:36', '172.16.11.67', '172.16.10.220'),
(654990, 1, 1, 22.6, 56, '2021-12-12 23:52:36', '172.16.11.67', '172.16.10.220'),
(654991, 1, 1, 22.8, 56, '2021-12-12 23:53:36', '172.16.11.67', '172.16.10.220'),
(654992, 1, 1, 23, 56, '2021-12-12 23:54:36', '172.16.11.67', '172.16.10.220'),
(654993, 1, 1, 23.2, 56, '2021-12-12 23:55:36', '172.16.11.67', '172.16.10.220'),
(654994, 1, 1, 23.3, 56, '2021-12-12 23:56:36', '172.16.11.67', '172.16.10.220'),
(654995, 1, 1, 23.5, 56, '2021-12-12 23:57:36', '172.16.11.67', '172.16.10.220'),
(654996, 1, 1, 23.7, 56, '2021-12-12 23:58:36', '172.16.11.67', '172.16.10.220'),
(654997, 1, 1, 23.9, 56, '2021-12-12 23:59:36', '172.16.11.67', '172.16.10.220'),
(654998, 1, 1, 24, 56, '2021-12-13 00:00:36', '172.16.11.67', '172.16.10.220'),
(654999, 1, 1, 24.1, 56, '2021-12-13 00:01:36', '172.16.11.67', '172.16.10.220'),
(655000, 1, 1, 24.3, 56, '2021-12-13 00:02:36', '172.16.11.67', '172.16.10.220'),
(655001, 1, 1, 24.4, 56, '2021-12-13 00:03:36', '172.16.11.67', '172.16.10.220'),
(655002, 1, 1, 24.5, 54, '2021-12-13 00:04:36', '172.16.11.67', '172.16.10.220'),
(655003, 1, 1, 24.5, 54, '2021-12-13 00:05:36', '172.16.11.67', '172.16.10.220'),
(655004, 1, 1, 24.6, 55, '2021-12-13 00:06:36', '172.16.11.67', '172.16.10.220'),
(655005, 1, 1, 24.7, 56, '2021-12-13 00:07:36', '172.16.11.67', '172.16.10.220'),
(655006, 1, 1, 24.9, 56, '2021-12-13 00:08:36', '172.16.11.67', '172.16.10.220'),
(655007, 1, 1, 25.1, 56, '2021-12-13 00:09:36', '172.16.11.67', '172.16.10.220'),
(655008, 1, 1, 25.3, 56, '2021-12-13 00:10:36', '172.16.11.67', '172.16.10.220'),
(655009, 1, 1, 25.3, 55, '2021-12-13 00:11:36', '172.16.11.67', '172.16.10.220'),
(655010, 1, 1, 25.1, 53, '2021-12-13 00:12:36', '172.16.11.67', '172.16.10.220'),
(655011, 1, 1, 25, 51, '2021-12-13 00:13:36', '172.16.11.67', '172.16.10.220'),
(655012, 1, 1, 24.8, 50, '2021-12-13 00:14:36', '172.16.11.67', '172.16.10.220'),
(655013, 1, 1, 24.8, 49, '2021-12-13 00:15:36', '172.16.11.67', '172.16.10.220'),
(655014, 1, 1, 24.9, 51, '2021-12-13 00:16:36', '172.16.11.67', '172.16.10.220'),
(655015, 1, 1, 25.1, 53, '2021-12-13 00:17:36', '172.16.11.67', '172.16.10.220'),
(655016, 1, 1, 25.2, 54, '2021-12-13 00:18:36', '172.16.11.67', '172.16.10.220'),
(655017, 1, 1, 25.3, 56, '2021-12-13 00:19:36', '172.16.11.67', '172.16.10.220'),
(655018, 1, 1, 25.4, 57, '2021-12-13 00:20:36', '172.16.11.67', '172.16.10.220'),
(655019, 1, 1, 25.5, 57, '2021-12-13 00:21:36', '172.16.11.67', '172.16.10.220'),
(655020, 1, 1, 25.6, 57, '2021-12-13 00:22:36', '172.16.11.67', '172.16.10.220'),
(655021, 1, 1, 25.5, 54, '2021-12-13 00:23:36', '172.16.11.67', '172.16.10.220'),
(655022, 1, 1, 25.3, 53, '2021-12-13 00:24:36', '172.16.11.67', '172.16.10.220'),
(655023, 1, 1, 25.1, 51, '2021-12-13 00:25:36', '172.16.11.67', '172.16.10.220'),
(655024, 1, 1, 25.2, 53, '2021-12-13 00:26:36', '172.16.11.67', '172.16.10.220'),
(655025, 1, 1, 25.4, 54, '2021-12-13 00:27:36', '172.16.11.67', '172.16.10.220'),
(655026, 1, 1, 25.5, 55, '2021-12-13 00:28:36', '172.16.11.67', '172.16.10.220'),
(655027, 1, 1, 25.6, 57, '2021-12-13 00:29:36', '172.16.11.67', '172.16.10.220'),
(655028, 1, 1, 25.7, 56, '2021-12-13 00:30:36', '172.16.11.67', '172.16.10.220'),
(655029, 1, 1, 25.5, 55, '2021-12-13 00:31:36', '172.16.11.67', '172.16.10.220'),
(655030, 1, 1, 25.3, 52, '2021-12-13 00:32:36', '172.16.11.67', '172.16.10.220'),
(655031, 1, 1, 25.2, 51, '2021-12-13 00:33:36', '172.16.11.67', '172.16.10.220'),
(655032, 1, 1, 25.1, 49, '2021-12-13 00:34:36', '172.16.11.67', '172.16.10.220'),
(655033, 1, 1, 25.1, 49, '2021-12-13 00:35:36', '172.16.11.67', '172.16.10.220'),
(655034, 1, 1, 25.3, 51, '2021-12-13 00:36:36', '172.16.11.67', '172.16.10.220'),
(655035, 1, 1, 25.4, 53, '2021-12-13 00:37:36', '172.16.11.67', '172.16.10.220'),
(655036, 1, 1, 25.6, 55, '2021-12-13 00:38:36', '172.16.11.67', '172.16.10.220'),
(655037, 1, 1, 25.5, 54, '2021-12-13 00:39:36', '172.16.11.67', '172.16.10.220'),
(655038, 1, 1, 25.4, 52, '2021-12-13 00:40:36', '172.16.11.67', '172.16.10.220'),
(655039, 1, 1, 25.3, 50, '2021-12-13 00:41:36', '172.16.11.67', '172.16.10.220'),
(655040, 1, 1, 25.2, 49, '2021-12-13 00:42:36', '172.16.11.67', '172.16.10.220'),
(655041, 1, 1, 25.1, 47, '2021-12-13 00:43:36', '172.16.11.67', '172.16.10.220'),
(655042, 1, 1, 25.2, 49, '2021-12-13 00:44:36', '172.16.11.67', '172.16.10.220'),
(655043, 1, 1, 25.4, 51, '2021-12-13 00:45:36', '172.16.11.67', '172.16.10.220'),
(655044, 1, 1, 25.5, 53, '2021-12-13 00:46:36', '172.16.11.67', '172.16.10.220'),
(655045, 1, 1, 25.7, 54, '2021-12-13 00:47:36', '172.16.11.67', '172.16.10.220'),
(655046, 1, 1, 25.6, 53, '2021-12-13 00:48:36', '172.16.11.67', '172.16.10.220'),
(655047, 1, 1, 25.4, 51, '2021-12-13 00:49:36', '172.16.11.67', '172.16.10.220'),
(655048, 1, 1, 25.3, 50, '2021-12-13 00:50:36', '172.16.11.67', '172.16.10.220'),
(655049, 2, 2, 35, 48, '2022-03-24 00:51:36', '172.16.11.67', '172.16.10.220'),
(655050, 1, 1, 25.1, 47, '2021-12-13 00:52:36', '172.16.11.67', '172.16.10.220'),
(655051, 1, 1, 25.1, 48, '2021-12-13 00:53:36', '172.16.11.67', '172.16.10.220'),
(655052, 1, 1, 25.3, 50, '2021-12-13 00:54:36', '172.16.11.67', '172.16.10.220'),
(655053, 1, 1, 25.5, 52, '2021-12-13 00:55:36', '172.16.11.67', '172.16.10.220'),
(655054, 1, 1, 25.6, 53, '2021-12-13 00:56:36', '172.16.11.67', '172.16.10.220'),
(655055, 1, 1, 25.7, 54, '2021-12-13 00:57:36', '172.16.11.67', '172.16.10.220'),
(655056, 1, 1, 25.7, 53, '2021-12-13 00:58:36', '172.16.11.67', '172.16.10.220'),
(655057, 1, 1, 25.5, 51, '2021-12-13 00:59:36', '172.16.11.67', '172.16.10.220'),
(655058, 1, 1, 25.3, 50, '2021-12-13 01:00:36', '172.16.11.67', '172.16.10.220'),
(655059, 1, 1, 25.2, 48, '2021-12-13 01:01:36', '172.16.11.67', '172.16.10.220'),
(655060, 1, 1, 25.1, 46, '2021-12-13 01:02:36', '172.16.11.67', '172.16.10.220'),
(655061, 1, 1, 25, 46, '2021-12-13 01:03:36', '172.16.11.67', '172.16.10.220'),
(655062, 1, 1, 25.2, 48, '2021-12-13 01:04:36', '172.16.11.67', '172.16.10.220'),
(655063, 1, 1, 25.3, 50, '2021-12-13 01:05:36', '172.16.11.67', '172.16.10.220'),
(655064, 1, 1, 25.5, 52, '2021-12-13 01:06:36', '172.16.11.67', '172.16.10.220'),
(655065, 1, 1, 25.6, 53, '2021-12-13 01:07:36', '172.16.11.67', '172.16.10.220'),
(655066, 1, 1, 25.7, 54, '2021-12-13 01:08:36', '172.16.11.67', '172.16.10.220'),
(655067, 1, 1, 25.6, 54, '2021-12-13 01:09:36', '172.16.11.67', '172.16.10.220'),
(655068, 1, 1, 25.5, 52, '2021-12-13 01:10:36', '172.16.11.67', '172.16.10.220'),
(655069, 1, 1, 25.4, 50, '2021-12-13 01:11:36', '172.16.11.67', '172.16.10.220'),
(655070, 1, 1, 25.3, 48, '2021-12-13 01:12:36', '172.16.11.67', '172.16.10.220'),
(655071, 1, 1, 25.2, 47, '2021-12-13 01:13:36', '172.16.11.67', '172.16.10.220'),
(655072, 1, 1, 25.1, 45, '2021-12-13 01:14:36', '172.16.11.67', '172.16.10.220'),
(655073, 1, 1, 25.1, 44, '2021-12-13 01:15:36', '172.16.11.67', '172.16.10.220'),
(655074, 1, 1, 25, 44, '2021-12-13 01:16:36', '172.16.11.67', '172.16.10.220'),
(655075, 1, 1, 25.2, 46, '2021-12-13 01:17:36', '172.16.11.67', '172.16.10.220'),
(655076, 1, 1, 25.3, 48, '2021-12-13 01:18:36', '172.16.11.67', '172.16.10.220'),
(655077, 1, 1, 25.4, 50, '2021-12-13 01:19:36', '172.16.11.67', '172.16.10.220'),
(655078, 1, 1, 25.5, 52, '2021-12-13 01:20:36', '172.16.11.67', '172.16.10.220'),
(655079, 1, 1, 25.6, 53, '2021-12-13 01:21:36', '172.16.11.67', '172.16.10.220'),
(655080, 1, 1, 25.5, 52, '2021-12-13 01:22:36', '172.16.11.67', '172.16.10.220'),
(655081, 1, 1, 25.5, 50, '2021-12-13 01:23:36', '172.16.11.67', '172.16.10.220'),
(655082, 1, 1, 25.4, 48, '2021-12-13 01:24:36', '172.16.11.67', '172.16.10.220'),
(655083, 1, 1, 25.3, 47, '2021-12-13 01:25:36', '172.16.11.67', '172.16.10.220'),
(655084, 1, 1, 25.3, 48, '2021-12-13 01:26:36', '172.16.11.67', '172.16.10.220'),
(655085, 1, 1, 25.5, 50, '2021-12-13 01:27:36', '172.16.11.67', '172.16.10.220'),
(655086, 1, 1, 25.6, 51, '2021-12-13 01:28:36', '172.16.11.67', '172.16.10.220'),
(655087, 1, 1, 25.7, 52, '2021-12-13 01:29:36', '172.16.11.67', '172.16.10.220'),
(655088, 1, 1, 25.6, 51, '2021-12-13 01:30:36', '172.16.11.67', '172.16.10.220'),
(655089, 1, 1, 25.5, 49, '2021-12-13 01:31:36', '172.16.11.67', '172.16.10.220'),
(655090, 1, 1, 25.4, 48, '2021-12-13 01:32:36', '172.16.11.67', '172.16.10.220'),
(655091, 1, 1, 25.2, 46, '2021-12-13 01:33:37', '172.16.11.67', '172.16.10.220'),
(655092, 1, 1, 25.2, 45, '2021-12-13 01:34:36', '172.16.11.67', '172.16.10.220'),
(655093, 1, 1, 25.1, 43, '2021-12-13 01:35:36', '172.16.11.67', '172.16.10.220'),
(655094, 1, 1, 25, 43, '2021-12-13 01:36:36', '172.16.11.67', '172.16.10.220'),
(655095, 1, 1, 25.1, 45, '2021-12-13 01:37:36', '172.16.11.67', '172.16.10.220'),
(655096, 1, 1, 25.3, 47, '2021-12-13 01:38:36', '172.16.11.67', '172.16.10.220'),
(655097, 1, 1, 25.4, 49, '2021-12-13 01:39:36', '172.16.11.67', '172.16.10.220'),
(655098, 1, 1, 25.5, 50, '2021-12-13 01:40:36', '172.16.11.67', '172.16.10.220'),
(655099, 1, 1, 25.4, 49, '2021-12-13 01:41:36', '172.16.11.67', '172.16.10.220'),
(655100, 1, 1, 25.3, 47, '2021-12-13 01:42:36', '172.16.11.67', '172.16.10.220'),
(655101, 1, 1, 25.2, 46, '2021-12-13 01:43:36', '172.16.11.67', '172.16.10.220'),
(655102, 1, 1, 25.3, 47, '2021-12-13 01:44:36', '172.16.11.67', '172.16.10.220'),
(655103, 1, 1, 25.5, 49, '2021-12-13 01:45:36', '172.16.11.67', '172.16.10.220'),
(655104, 1, 1, 25.6, 51, '2021-12-13 01:46:37', '172.16.11.67', '172.16.10.220'),
(655105, 1, 1, 25.7, 52, '2021-12-13 01:47:36', '172.16.11.67', '172.16.10.220'),
(655106, 1, 1, 25.7, 52, '2021-12-13 01:48:36', '172.16.11.67', '172.16.10.220'),
(655107, 1, 1, 25.6, 50, '2021-12-13 01:49:36', '172.16.11.67', '172.16.10.220'),
(655108, 1, 1, 25.5, 48, '2021-12-13 01:50:37', '172.16.11.67', '172.16.10.220'),
(655109, 1, 1, 25.4, 47, '2021-12-13 01:51:36', '172.16.11.67', '172.16.10.220'),
(655110, 1, 1, 25.3, 45, '2021-12-13 01:52:37', '172.16.11.67', '172.16.10.220'),
(655111, 1, 1, 25.1, 44, '2021-12-13 01:53:36', '172.16.11.67', '172.16.10.220'),
(655112, 1, 1, 25.1, 44, '2021-12-13 01:54:37', '172.16.11.67', '172.16.10.220'),
(655113, 1, 1, 25.2, 46, '2021-12-13 01:55:37', '172.16.11.67', '172.16.10.220'),
(655114, 1, 1, 25.4, 48, '2021-12-13 01:56:37', '172.16.11.67', '172.16.10.220'),
(655115, 1, 1, 25.5, 50, '2021-12-13 01:57:37', '172.16.11.67', '172.16.10.220'),
(655116, 1, 1, 25.7, 51, '2021-12-13 01:58:37', '172.16.11.67', '172.16.10.220'),
(655117, 1, 1, 25.7, 51, '2021-12-13 01:59:37', '172.16.11.67', '172.16.10.220'),
(655118, 1, 1, 25.6, 49, '2021-12-13 02:00:37', '172.16.11.67', '172.16.10.220'),
(655119, 1, 1, 25.4, 48, '2021-12-13 02:01:37', '172.16.11.67', '172.16.10.220'),
(655120, 1, 1, 25.4, 46, '2021-12-13 02:02:37', '172.16.11.67', '172.16.10.220'),
(655121, 1, 1, 25.3, 45, '2021-12-13 02:03:37', '172.16.11.67', '172.16.10.220'),
(655122, 1, 1, 25.2, 43, '2021-12-13 02:04:37', '172.16.11.67', '172.16.10.220'),
(655123, 1, 1, 25.1, 43, '2021-12-13 02:05:37', '172.16.11.67', '172.16.10.220'),
(655124, 1, 1, 25.2, 45, '2021-12-13 02:06:37', '172.16.11.67', '172.16.10.220'),
(655125, 1, 1, 25.4, 47, '2021-12-13 02:07:37', '172.16.11.67', '172.16.10.220'),
(655126, 1, 1, 25.5, 49, '2021-12-13 02:08:37', '172.16.11.67', '172.16.10.220'),
(655127, 1, 1, 25.6, 50, '2021-12-13 02:09:37', '172.16.11.67', '172.16.10.220'),
(655128, 1, 1, 25.7, 51, '2021-12-13 02:10:37', '172.16.11.67', '172.16.10.220'),
(655129, 1, 1, 25.7, 51, '2021-12-13 02:11:37', '172.16.11.67', '172.16.10.220'),
(655130, 1, 1, 25.6, 50, '2021-12-13 02:12:37', '172.16.11.67', '172.16.10.220'),
(655131, 1, 1, 25.5, 48, '2021-12-13 02:13:37', '172.16.11.67', '172.16.10.220'),
(655132, 1, 1, 25.4, 46, '2021-12-13 02:14:37', '172.16.11.67', '172.16.10.220'),
(655133, 1, 1, 25.3, 45, '2021-12-13 02:15:37', '172.16.11.67', '172.16.10.220'),
(655134, 1, 1, 25.2, 43, '2021-12-13 02:16:37', '172.16.11.67', '172.16.10.220'),
(655135, 1, 1, 25.1, 42, '2021-12-13 02:17:37', '172.16.11.67', '172.16.10.220'),
(655136, 1, 1, 25, 42, '2021-12-13 02:18:37', '172.16.11.67', '172.16.10.220'),
(655137, 1, 1, 25.1, 44, '2021-12-13 02:19:37', '172.16.11.67', '172.16.10.220'),
(655138, 1, 1, 25.3, 46, '2021-12-13 02:20:37', '172.16.11.67', '172.16.10.220'),
(655139, 1, 1, 25.4, 48, '2021-12-13 02:21:37', '172.16.11.67', '172.16.10.220'),
(655140, 1, 1, 25.5, 50, '2021-12-13 02:22:37', '172.16.11.67', '172.16.10.220'),
(655141, 1, 1, 25.6, 51, '2021-12-13 02:23:37', '172.16.11.67', '172.16.10.220'),
(655142, 1, 1, 25.6, 49, '2021-12-13 02:24:37', '172.16.11.67', '172.16.10.220'),
(655143, 1, 1, 25.5, 48, '2021-12-13 02:25:37', '172.16.11.67', '172.16.10.220'),
(655144, 1, 1, 25.3, 46, '2021-12-13 02:26:37', '172.16.11.67', '172.16.10.220'),
(655145, 1, 1, 25.2, 44, '2021-12-13 02:27:37', '172.16.11.67', '172.16.10.220'),
(655146, 1, 1, 25.1, 43, '2021-12-13 02:28:37', '172.16.11.67', '172.16.10.220'),
(655147, 1, 1, 25, 42, '2021-12-13 02:29:37', '172.16.11.67', '172.16.10.220'),
(655148, 1, 1, 24.9, 41, '2021-12-13 02:30:37', '172.16.11.67', '172.16.10.220'),
(655149, 1, 1, 25, 43, '2021-12-13 02:31:37', '172.16.11.67', '172.16.10.220'),
(655150, 1, 1, 25.2, 45, '2021-12-13 02:32:37', '172.16.11.67', '172.16.10.220'),
(655151, 1, 1, 25.4, 47, '2021-12-13 02:33:37', '172.16.11.67', '172.16.10.220'),
(655152, 1, 1, 25.4, 48, '2021-12-13 02:34:37', '172.16.11.67', '172.16.10.220'),
(655153, 1, 1, 25.3, 47, '2021-12-13 02:35:37', '172.16.11.67', '172.16.10.220'),
(655154, 1, 1, 25.2, 45, '2021-12-13 02:36:37', '172.16.11.67', '172.16.10.220'),
(655155, 1, 1, 25.2, 44, '2021-12-13 02:37:37', '172.16.11.67', '172.16.10.220'),
(655156, 1, 1, 25, 42, '2021-12-13 02:38:37', '172.16.11.67', '172.16.10.220'),
(655157, 1, 1, 24.9, 41, '2021-12-13 02:39:37', '172.16.11.67', '172.16.10.220'),
(655158, 1, 1, 25, 42, '2021-12-13 02:40:37', '172.16.11.67', '172.16.10.220'),
(655159, 1, 1, 25.1, 44, '2021-12-13 02:41:37', '172.16.11.67', '172.16.10.220'),
(655160, 1, 1, 25.3, 47, '2021-12-13 02:42:37', '172.16.11.67', '172.16.10.220'),
(655161, 1, 1, 25.5, 48, '2021-12-13 02:43:37', '172.16.11.67', '172.16.10.220'),
(655162, 1, 1, 25.5, 49, '2021-12-13 02:44:37', '172.16.11.67', '172.16.10.220'),
(655163, 1, 1, 25.5, 48, '2021-12-13 02:45:37', '172.16.11.67', '172.16.10.220'),
(655164, 1, 1, 25.7, 47, '2021-12-13 02:46:37', '172.16.11.67', '172.16.10.220'),
(655165, 1, 1, 25.2, 45, '2021-12-13 02:47:37', '172.16.11.67', '172.16.10.220'),
(655166, 1, 1, 25.1, 44, '2021-12-13 02:48:37', '172.16.11.67', '172.16.10.220'),
(655167, 1, 1, 25.1, 44, '2021-12-13 02:49:37', '172.16.11.67', '172.16.10.220'),
(655168, 1, 1, 25.2, 46, '2021-12-13 02:50:37', '172.16.11.67', '172.16.10.220'),
(655169, 1, 1, 25.4, 48, '2021-12-13 02:51:37', '172.16.11.67', '172.16.10.220'),
(655170, 1, 1, 25.5, 50, '2021-12-13 02:52:37', '172.16.11.67', '172.16.10.220'),
(655171, 1, 1, 25.7, 51, '2021-12-13 02:53:37', '172.16.11.67', '172.16.10.220'),
(655172, 1, 1, 25.7, 52, '2021-12-13 02:54:37', '172.16.11.67', '172.16.10.220'),
(655173, 1, 1, 25.7, 51, '2021-12-13 02:55:37', '172.16.11.67', '172.16.10.220'),
(655174, 1, 1, 25.6, 49, '2021-12-13 02:56:37', '172.16.11.67', '172.16.10.220'),
(655175, 1, 1, 25.5, 47, '2021-12-13 02:57:37', '172.16.11.67', '172.16.10.220'),
(655176, 1, 1, 25.4, 46, '2021-12-13 02:58:38', '172.16.11.67', '172.16.10.220'),
(655177, 1, 1, 25.3, 44, '2021-12-13 02:59:37', '172.16.11.67', '172.16.10.220'),
(655178, 1, 1, 25.2, 43, '2021-12-13 03:00:37', '172.16.11.67', '172.16.10.220'),
(655179, 1, 1, 25.1, 42, '2021-12-13 03:01:37', '172.16.11.67', '172.16.10.220'),
(655180, 1, 1, 25, 40, '2021-12-13 03:02:37', '172.16.11.67', '172.16.10.220'),
(655181, 1, 1, 25, 41, '2021-12-13 03:03:37', '172.16.11.67', '172.16.10.220'),
(655182, 1, 1, 25.1, 44, '2021-12-13 03:04:37', '172.16.11.67', '172.16.10.220'),
(655183, 1, 1, 25.3, 46, '2021-12-13 03:05:37', '172.16.11.67', '172.16.10.220'),
(655184, 1, 1, 25.4, 47, '2021-12-13 03:06:37', '172.16.11.67', '172.16.10.220'),
(655185, 1, 1, 25.4, 47, '2021-12-13 03:07:37', '172.16.11.67', '172.16.10.220'),
(655186, 1, 1, 25.3, 45, '2021-12-13 03:08:37', '172.16.11.67', '172.16.10.220'),
(655187, 1, 1, 25.2, 44, '2021-12-13 03:09:37', '172.16.11.67', '172.16.10.220'),
(655188, 1, 1, 25.1, 43, '2021-12-13 03:10:37', '172.16.11.67', '172.16.10.220'),
(655189, 1, 1, 24.9, 42, '2021-12-13 03:11:37', '172.16.11.67', '172.16.10.220'),
(655190, 1, 1, 25, 40, '2021-12-13 03:12:37', '172.16.11.67', '172.16.10.220'),
(655191, 1, 1, 24.9, 40, '2021-12-13 03:13:37', '172.16.11.67', '172.16.10.220'),
(655192, 1, 1, 25.1, 43, '2021-12-13 03:14:37', '172.16.11.67', '172.16.10.220'),
(655193, 1, 1, 25.3, 45, '2021-12-13 03:15:37', '172.16.11.67', '172.16.10.220'),
(655194, 1, 1, 25.4, 48, '2021-12-13 03:16:37', '172.16.11.67', '172.16.10.220'),
(655195, 1, 1, 25.5, 49, '2021-12-13 03:17:37', '172.16.11.67', '172.16.10.220'),
(655196, 1, 1, 25.5, 52, '2021-12-13 03:18:37', '172.16.11.67', '172.16.10.220'),
(655197, 1, 1, 25.3, 53, '2021-12-13 03:19:37', '172.16.11.67', '172.16.10.220'),
(655198, 1, 1, 25.1, 55, '2021-12-13 03:20:37', '172.16.11.67', '172.16.10.220'),
(655199, 1, 1, 25.1, 57, '2021-12-13 03:21:37', '172.16.11.67', '172.16.10.220'),
(655200, 1, 1, 24.8, 56, '2021-12-13 03:22:37', '172.16.11.67', '172.16.10.220'),
(655201, 1, 1, 24.6, 55, '2021-12-13 03:23:37', '172.16.11.67', '172.16.10.220'),
(655202, 1, 1, 24.3, 54, '2021-12-13 03:24:37', '172.16.11.67', '172.16.10.220'),
(655203, 1, 1, 24.1, 53, '2021-12-13 03:25:37', '172.16.11.67', '172.16.10.220'),
(655204, 1, 1, 23.9, 53, '2021-12-13 03:26:37', '172.16.11.67', '172.16.10.220'),
(655205, 1, 1, 23.7, 52, '2021-12-13 03:27:37', '172.16.11.67', '172.16.10.220'),
(655206, 1, 1, 23.4, 52, '2021-12-13 03:28:37', '172.16.11.67', '172.16.10.220'),
(655207, 1, 1, 23.2, 51, '2021-12-13 03:29:37', '172.16.11.67', '172.16.10.220'),
(655208, 1, 1, 23.1, 51, '2021-12-13 03:30:37', '172.16.11.67', '172.16.10.220'),
(655209, 1, 1, 22.9, 50, '2021-12-13 03:31:37', '172.16.11.67', '172.16.10.220'),
(655210, 1, 1, 22.7, 50, '2021-12-13 03:32:37', '172.16.11.67', '172.16.10.220'),
(655211, 1, 1, 22.7, 50, '2021-12-13 03:33:37', '172.16.11.67', '172.16.10.220'),
(655212, 1, 1, 22.5, 50, '2021-12-13 03:34:37', '172.16.11.67', '172.16.10.220'),
(655213, 1, 1, 22.4, 49, '2021-12-13 03:35:37', '172.16.11.67', '172.16.10.220'),
(655214, 1, 1, 22.3, 49, '2021-12-13 03:36:37', '172.16.11.67', '172.16.10.220'),
(655215, 1, 1, 22.2, 49, '2021-12-13 03:37:37', '172.16.11.67', '172.16.10.220'),
(655216, 1, 1, 22, 49, '2021-12-13 03:38:37', '172.16.11.67', '172.16.10.220'),
(655217, 1, 1, 22, 49, '2021-12-13 03:39:37', '172.16.11.67', '172.16.10.220'),
(655218, 1, 1, 21.9, 48, '2021-12-13 03:40:37', '172.16.11.67', '172.16.10.220'),
(655219, 1, 1, 21.8, 48, '2021-12-13 03:41:37', '172.16.11.67', '172.16.10.220'),
(655220, 1, 1, 21.8, 48, '2021-12-13 03:42:37', '172.16.11.67', '172.16.10.220'),
(655221, 1, 1, 21.8, 47, '2021-12-13 03:43:37', '172.16.11.67', '172.16.10.220'),
(655222, 1, 1, 21.7, 46, '2021-12-13 03:44:37', '172.16.11.67', '172.16.10.220'),
(655223, 1, 1, 21.7, 46, '2021-12-13 03:45:37', '172.16.11.67', '172.16.10.220'),
(655224, 1, 1, 21.6, 45, '2021-12-13 03:46:37', '172.16.11.67', '172.16.10.220'),
(655225, 1, 1, 21.6, 45, '2021-12-13 03:47:37', '172.16.11.67', '172.16.10.220'),
(655226, 1, 1, 21.5, 45, '2021-12-13 03:48:37', '172.16.11.67', '172.16.10.220'),
(655227, 1, 1, 21.5, 45, '2021-12-13 03:49:37', '172.16.11.67', '172.16.10.220'),
(655228, 1, 1, 21.4, 45, '2021-12-13 03:50:37', '172.16.11.67', '172.16.10.220'),
(655229, 1, 1, 21.4, 45, '2021-12-13 03:51:37', '172.16.11.67', '172.16.10.220'),
(655230, 1, 1, 21.3, 45, '2021-12-13 03:52:37', '172.16.11.67', '172.16.10.220'),
(655231, 1, 1, 21.3, 44, '2021-12-13 03:53:37', '172.16.11.67', '172.16.10.220'),
(655232, 1, 1, 21.2, 44, '2021-12-13 03:54:37', '172.16.11.67', '172.16.10.220'),
(655233, 1, 1, 21.1, 44, '2021-12-13 03:55:37', '172.16.11.67', '172.16.10.220'),
(655234, 1, 1, 21.1, 44, '2021-12-13 03:56:37', '172.16.11.67', '172.16.10.220'),
(655235, 1, 1, 21.1, 44, '2021-12-13 03:57:37', '172.16.11.67', '172.16.10.220'),
(655236, 1, 1, 21, 44, '2021-12-13 03:58:37', '172.16.11.67', '172.16.10.220'),
(655237, 1, 1, 21, 44, '2021-12-13 03:59:37', '172.16.11.67', '172.16.10.220'),
(655238, 1, 1, 20.9, 44, '2021-12-13 04:00:37', '172.16.11.67', '172.16.10.220'),
(655239, 1, 1, 20.9, 44, '2021-12-13 04:01:37', '172.16.11.67', '172.16.10.220'),
(655240, 1, 1, 20.9, 44, '2021-12-13 04:02:37', '172.16.11.67', '172.16.10.220'),
(655241, 1, 1, 20.8, 44, '2021-12-13 04:03:37', '172.16.11.67', '172.16.10.220'),
(655242, 1, 1, 20.8, 44, '2021-12-13 04:04:37', '172.16.11.67', '172.16.10.220'),
(655243, 1, 1, 20.8, 44, '2021-12-13 04:05:37', '172.16.11.67', '172.16.10.220'),
(655244, 1, 1, 20.7, 44, '2021-12-13 04:06:37', '172.16.11.67', '172.16.10.220'),
(655245, 1, 1, 20.7, 44, '2021-12-13 04:07:37', '172.16.11.67', '172.16.10.220'),
(655246, 1, 1, 20.7, 44, '2021-12-13 04:08:37', '172.16.11.67', '172.16.10.220'),
(655247, 1, 1, 20.6, 44, '2021-12-13 04:09:37', '172.16.11.67', '172.16.10.220'),
(655248, 1, 1, 20.6, 45, '2021-12-13 04:10:37', '172.16.11.67', '172.16.10.220'),
(655249, 1, 1, 20.6, 44, '2021-12-13 04:11:37', '172.16.11.67', '172.16.10.220'),
(655250, 1, 1, 20.5, 44, '2021-12-13 04:12:37', '172.16.11.67', '172.16.10.220'),
(655251, 1, 1, 20.5, 44, '2021-12-13 04:13:37', '172.16.11.67', '172.16.10.220'),
(655252, 1, 1, 20.5, 44, '2021-12-13 04:14:37', '172.16.11.67', '172.16.10.220'),
(655253, 1, 1, 20.4, 44, '2021-12-13 04:15:37', '172.16.11.67', '172.16.10.220'),
(655254, 1, 1, 20.4, 44, '2021-12-13 04:16:37', '172.16.11.67', '172.16.10.220'),
(655255, 1, 1, 20.4, 44, '2021-12-13 04:17:37', '172.16.11.67', '172.16.10.220'),
(655256, 1, 1, 20.4, 44, '2021-12-13 04:18:37', '172.16.11.67', '172.16.10.220'),
(655257, 1, 1, 20.3, 44, '2021-12-13 04:19:37', '172.16.11.67', '172.16.10.220'),
(655258, 1, 1, 20.3, 44, '2021-12-13 04:20:37', '172.16.11.67', '172.16.10.220'),
(655259, 1, 1, 20.3, 44, '2021-12-13 04:21:37', '172.16.11.67', '172.16.10.220'),
(655260, 1, 1, 20.3, 45, '2021-12-13 04:22:37', '172.16.11.67', '172.16.10.220'),
(655261, 1, 1, 20.3, 45, '2021-12-13 04:23:37', '172.16.11.67', '172.16.10.220'),
(655262, 1, 1, 20.2, 45, '2021-12-13 04:24:37', '172.16.11.67', '172.16.10.220'),
(655263, 1, 1, 20.2, 44, '2021-12-13 04:25:37', '172.16.11.67', '172.16.10.220'),
(655264, 1, 1, 20.2, 44, '2021-12-13 04:26:37', '172.16.11.67', '172.16.10.220'),
(655265, 1, 1, 20.2, 45, '2021-12-13 04:27:37', '172.16.11.67', '172.16.10.220'),
(655266, 1, 1, 20.2, 44, '2021-12-13 04:28:37', '172.16.11.67', '172.16.10.220'),
(655267, 1, 1, 20.2, 44, '2021-12-13 04:29:37', '172.16.11.67', '172.16.10.220'),
(655268, 1, 1, 20.2, 45, '2021-12-13 04:30:37', '172.16.11.67', '172.16.10.220'),
(655269, 1, 1, 20.2, 45, '2021-12-13 04:31:37', '172.16.11.67', '172.16.10.220'),
(655270, 1, 1, 20.1, 45, '2021-12-13 04:32:37', '172.16.11.67', '172.16.10.220'),
(655271, 1, 1, 20.1, 45, '2021-12-13 04:33:37', '172.16.11.67', '172.16.10.220'),
(655272, 1, 1, 20.1, 45, '2021-12-13 04:34:37', '172.16.11.67', '172.16.10.220'),
(655273, 1, 1, 20.1, 45, '2021-12-13 04:35:37', '172.16.11.67', '172.16.10.220'),
(655274, 1, 1, 20, 45, '2021-12-13 04:36:37', '172.16.11.67', '172.16.10.220'),
(655275, 1, 1, 20, 45, '2021-12-13 04:37:37', '172.16.11.67', '172.16.10.220'),
(655276, 1, 1, 20, 45, '2021-12-13 04:38:37', '172.16.11.67', '172.16.10.220'),
(655277, 1, 1, 20, 45, '2021-12-13 04:39:37', '172.16.11.67', '172.16.10.220'),
(655278, 1, 1, 20, 45, '2021-12-13 04:40:37', '172.16.11.67', '172.16.10.220'),
(655279, 1, 1, 20, 45, '2021-12-13 04:41:37', '172.16.11.67', '172.16.10.220'),
(655280, 1, 1, 19.9, 45, '2021-12-13 04:42:37', '172.16.11.67', '172.16.10.220'),
(655281, 1, 1, 19.9, 45, '2021-12-13 04:43:37', '172.16.11.67', '172.16.10.220'),
(655282, 1, 1, 19.9, 45, '2021-12-13 04:44:37', '172.16.11.67', '172.16.10.220'),
(655283, 1, 1, 19.9, 45, '2021-12-13 04:45:37', '172.16.11.67', '172.16.10.220'),
(655284, 1, 1, 19.9, 45, '2021-12-13 04:46:37', '172.16.11.67', '172.16.10.220'),
(655285, 1, 1, 19.8, 45, '2021-12-13 04:47:37', '172.16.11.67', '172.16.10.220'),
(655286, 1, 1, 19.9, 45, '2021-12-13 04:48:37', '172.16.11.67', '172.16.10.220'),
(655287, 1, 1, 19.8, 45, '2021-12-13 04:49:38', '172.16.11.67', '172.16.10.220'),
(655288, 1, 1, 19.8, 45, '2021-12-13 04:50:37', '172.16.11.67', '172.16.10.220'),
(655289, 1, 1, 19.8, 45, '2021-12-13 04:51:37', '172.16.11.67', '172.16.10.220'),
(655290, 1, 1, 19.8, 45, '2021-12-13 04:52:37', '172.16.11.67', '172.16.10.220'),
(655291, 1, 1, 19.8, 46, '2021-12-13 04:53:37', '172.16.11.67', '172.16.10.220'),
(655292, 1, 1, 19.8, 46, '2021-12-13 04:54:37', '172.16.11.67', '172.16.10.220'),
(655293, 1, 1, 19.8, 47, '2021-12-13 04:55:37', '172.16.11.67', '172.16.10.220'),
(655294, 1, 1, 19.8, 47, '2021-12-13 04:56:37', '172.16.11.67', '172.16.10.220'),
(655295, 1, 1, 19.8, 47, '2021-12-13 04:57:37', '172.16.11.67', '172.16.10.220'),
(655296, 1, 1, 19.8, 47, '2021-12-13 04:58:37', '172.16.11.67', '172.16.10.220'),
(655297, 1, 1, 19.8, 47, '2021-12-13 04:59:37', '172.16.11.67', '172.16.10.220'),
(655298, 1, 1, 19.8, 46, '2021-12-13 05:00:37', '172.16.11.67', '172.16.10.220'),
(655299, 1, 1, 19.8, 46, '2021-12-13 05:01:37', '172.16.11.67', '172.16.10.220'),
(655300, 1, 1, 19.8, 46, '2021-12-13 05:02:37', '172.16.11.67', '172.16.10.220'),
(655301, 1, 1, 19.8, 46, '2021-12-13 05:03:37', '172.16.11.67', '172.16.10.220'),
(655302, 1, 1, 19.8, 46, '2021-12-13 05:04:37', '172.16.11.67', '172.16.10.220'),
(655303, 1, 1, 19.8, 46, '2021-12-13 05:05:37', '172.16.11.67', '172.16.10.220'),
(655304, 1, 1, 19.7, 46, '2021-12-13 05:06:37', '172.16.11.67', '172.16.10.220'),
(655305, 1, 1, 19.8, 46, '2021-12-13 05:07:37', '172.16.11.67', '172.16.10.220'),
(655306, 1, 1, 19.8, 46, '2021-12-13 05:08:37', '172.16.11.67', '172.16.10.220'),
(655307, 1, 1, 19.7, 46, '2021-12-13 05:09:37', '172.16.11.67', '172.16.10.220'),
(655308, 1, 1, 19.8, 46, '2021-12-13 05:10:37', '172.16.11.67', '172.16.10.220'),
(655309, 1, 1, 19.7, 46, '2021-12-13 05:11:37', '172.16.11.67', '172.16.10.220'),
(655310, 1, 1, 19.7, 46, '2021-12-13 05:12:37', '172.16.11.67', '172.16.10.220'),
(655311, 1, 1, 19.7, 45, '2021-12-13 05:13:37', '172.16.11.67', '172.16.10.220'),
(655312, 1, 1, 19.7, 45, '2021-12-13 05:14:37', '172.16.11.67', '172.16.10.220'),
(655313, 1, 1, 19.7, 45, '2021-12-13 05:15:37', '172.16.11.67', '172.16.10.220'),
(655314, 1, 1, 19.7, 45, '2021-12-13 05:16:37', '172.16.11.67', '172.16.10.220'),
(655315, 1, 1, 19.7, 45, '2021-12-13 05:17:37', '172.16.11.67', '172.16.10.220'),
(655316, 1, 1, 19.6, 46, '2021-12-13 05:18:37', '172.16.11.67', '172.16.10.220'),
(655317, 1, 1, 19.7, 45, '2021-12-13 05:19:37', '172.16.11.67', '172.16.10.220'),
(655318, 1, 1, 19.6, 45, '2021-12-13 05:20:37', '172.16.11.67', '172.16.10.220'),
(655319, 1, 1, 19.6, 45, '2021-12-13 05:21:37', '172.16.11.67', '172.16.10.220'),
(655320, 1, 1, 19.6, 46, '2021-12-13 05:22:37', '172.16.11.67', '172.16.10.220'),
(655321, 1, 1, 19.6, 45, '2021-12-13 05:23:37', '172.16.11.67', '172.16.10.220'),
(655322, 1, 1, 19.6, 45, '2021-12-13 05:24:37', '172.16.11.67', '172.16.10.220'),
(655323, 1, 1, 19.5, 45, '2021-12-13 05:25:37', '172.16.11.67', '172.16.10.220'),
(655324, 1, 1, 19.6, 45, '2021-12-13 05:26:37', '172.16.11.67', '172.16.10.220'),
(655325, 1, 1, 19.6, 45, '2021-12-13 05:27:37', '172.16.11.67', '172.16.10.220'),
(655326, 1, 1, 19.5, 45, '2021-12-13 05:28:37', '172.16.11.67', '172.16.10.220'),
(655327, 1, 1, 19.5, 45, '2021-12-13 05:29:37', '172.16.11.67', '172.16.10.220'),
(655328, 1, 1, 19.2, 45, '2021-12-13 05:30:37', '172.16.11.67', '172.16.10.220'),
(655329, 1, 1, 19.5, 45, '2021-12-13 05:31:37', '172.16.11.67', '172.16.10.220'),
(655330, 1, 1, 19.5, 45, '2021-12-13 05:32:37', '172.16.11.67', '172.16.10.220'),
(655331, 1, 1, 19.5, 45, '2021-12-13 05:33:37', '172.16.11.67', '172.16.10.220'),
(655332, 1, 1, 19.5, 46, '2021-12-13 05:34:37', '172.16.11.67', '172.16.10.220'),
(655333, 1, 1, 19.5, 46, '2021-12-13 05:35:37', '172.16.11.67', '172.16.10.220'),
(655334, 1, 1, 19.5, 45, '2021-12-13 05:36:37', '172.16.11.67', '172.16.10.220'),
(655335, 1, 1, 19.4, 45, '2021-12-13 05:37:37', '172.16.11.67', '172.16.10.220'),
(655336, 1, 1, 19.5, 45, '2021-12-13 05:38:37', '172.16.11.67', '172.16.10.220'),
(655337, 1, 1, 19.5, 46, '2021-12-13 05:39:37', '172.16.11.67', '172.16.10.220'),
(655338, 1, 1, 19.5, 46, '2021-12-13 05:40:37', '172.16.11.67', '172.16.10.220'),
(655339, 1, 1, 19.4, 46, '2021-12-13 05:41:37', '172.16.11.67', '172.16.10.220'),
(655340, 1, 1, 19.4, 46, '2021-12-13 05:42:37', '172.16.11.67', '172.16.10.220'),
(655341, 1, 1, 19.4, 46, '2021-12-13 05:43:37', '172.16.11.67', '172.16.10.220'),
(655342, 1, 1, 19.4, 46, '2021-12-13 05:44:37', '172.16.11.67', '172.16.10.220'),
(655343, 1, 1, 19.5, 46, '2021-12-13 05:45:37', '172.16.11.67', '172.16.10.220'),
(655344, 1, 1, 19.4, 46, '2021-12-13 05:46:37', '172.16.11.67', '172.16.10.220'),
(655345, 1, 1, 19.4, 46, '2021-12-13 05:47:37', '172.16.11.67', '172.16.10.220'),
(655346, 1, 1, 19.4, 46, '2021-12-13 05:48:37', '172.16.11.67', '172.16.10.220'),
(655347, 1, 1, 19.4, 46, '2021-12-13 05:49:37', '172.16.11.67', '172.16.10.220'),
(655348, 1, 1, 19.4, 46, '2021-12-13 05:50:37', '172.16.11.67', '172.16.10.220'),
(655349, 1, 1, 19.4, 46, '2021-12-13 05:51:37', '172.16.11.67', '172.16.10.220'),
(655350, 1, 1, 19.4, 46, '2021-12-13 05:52:37', '172.16.11.67', '172.16.10.220'),
(655351, 1, 1, 19.4, 46, '2021-12-13 05:53:37', '172.16.11.67', '172.16.10.220'),
(655352, 1, 1, 19.4, 46, '2021-12-13 05:54:37', '172.16.11.67', '172.16.10.220'),
(655353, 1, 1, 19.4, 46, '2021-12-13 05:55:37', '172.16.11.67', '172.16.10.220'),
(655354, 1, 1, 19.4, 46, '2021-12-13 05:56:37', '172.16.11.67', '172.16.10.220'),
(655355, 1, 1, 19.4, 46, '2021-12-13 05:57:37', '172.16.11.67', '172.16.10.220'),
(655356, 1, 1, 19.4, 46, '2021-12-13 05:58:37', '172.16.11.67', '172.16.10.220'),
(655357, 1, 1, 19.3, 46, '2021-12-13 05:59:37', '172.16.11.67', '172.16.10.220'),
(655358, 1, 1, 19.4, 46, '2021-12-13 06:00:37', '172.16.11.67', '172.16.10.220'),
(655359, 1, 1, 19.3, 46, '2021-12-13 06:01:37', '172.16.11.67', '172.16.10.220'),
(655360, 1, 1, 19.3, 46, '2021-12-13 06:02:37', '172.16.11.67', '172.16.10.220'),
(655361, 1, 1, 19.4, 46, '2021-12-13 06:03:37', '172.16.11.67', '172.16.10.220'),
(655362, 1, 1, 19.4, 46, '2021-12-13 06:04:37', '172.16.11.67', '172.16.10.220'),
(655363, 1, 1, 19.4, 46, '2021-12-13 06:05:37', '172.16.11.67', '172.16.10.220'),
(655364, 1, 1, 19.4, 46, '2021-12-13 06:06:37', '172.16.11.67', '172.16.10.220'),
(655365, 1, 1, 19.4, 46, '2021-12-13 06:07:37', '172.16.11.67', '172.16.10.220'),
(655366, 1, 1, 19.4, 46, '2021-12-13 06:08:37', '172.16.11.67', '172.16.10.220'),
(655367, 1, 1, 19.3, 46, '2021-12-13 06:09:37', '172.16.11.67', '172.16.10.220'),
(655368, 1, 1, 19.3, 46, '2021-12-13 06:10:38', '172.16.11.67', '172.16.10.220'),
(655369, 1, 1, 19.3, 46, '2021-12-13 06:11:37', '172.16.11.67', '172.16.10.220'),
(655370, 1, 1, 19.3, 45, '2021-12-13 06:12:38', '172.16.11.67', '172.16.10.220'),
(655371, 1, 1, 19.3, 46, '2021-12-13 06:13:37', '172.16.11.67', '172.16.10.220'),
(655372, 1, 1, 19.3, 46, '2021-12-13 06:14:37', '172.16.11.67', '172.16.10.220'),
(655373, 1, 1, 19.3, 46, '2021-12-13 06:15:37', '172.16.11.67', '172.16.10.220'),
(655374, 1, 1, 19.3, 46, '2021-12-13 06:16:37', '172.16.11.67', '172.16.10.220'),
(655375, 1, 1, 19.3, 46, '2021-12-13 06:17:37', '172.16.11.67', '172.16.10.220'),
(655376, 1, 1, 19.3, 46, '2021-12-13 06:18:37', '172.16.11.67', '172.16.10.220'),
(655377, 1, 1, 18.9, 46, '2021-12-13 06:19:37', '172.16.11.67', '172.16.10.220'),
(655378, 1, 1, 19.3, 46, '2021-12-13 06:20:38', '172.16.11.67', '172.16.10.220'),
(655379, 1, 1, 19.2, 46, '2021-12-13 06:21:37', '172.16.11.67', '172.16.10.220'),
(655380, 1, 1, 19.2, 46, '2021-12-13 06:22:37', '172.16.11.67', '172.16.10.220'),
(655381, 1, 1, 19.2, 46, '2021-12-13 06:23:37', '172.16.11.67', '172.16.10.220'),
(655382, 1, 1, 19.2, 46, '2021-12-13 06:24:38', '172.16.11.67', '172.16.10.220'),
(655383, 1, 1, 19.2, 46, '2021-12-13 06:25:37', '172.16.11.67', '172.16.10.220'),
(655384, 1, 1, 19.2, 46, '2021-12-13 06:26:38', '172.16.11.67', '172.16.10.220'),
(655385, 1, 1, 19.2, 46, '2021-12-13 06:27:37', '172.16.11.67', '172.16.10.220'),
(655386, 1, 1, 19.2, 46, '2021-12-13 06:28:38', '172.16.11.67', '172.16.10.220'),
(655387, 1, 1, 19.3, 46, '2021-12-13 06:29:38', '172.16.11.67', '172.16.10.220'),
(655388, 1, 1, 19.3, 46, '2021-12-13 06:30:37', '172.16.11.67', '172.16.10.220'),
(655389, 1, 1, 19.3, 46, '2021-12-13 06:31:38', '172.16.11.67', '172.16.10.220'),
(655390, 1, 1, 19.3, 46, '2021-12-13 06:32:38', '172.16.11.67', '172.16.10.220'),
(655391, 1, 1, 19.3, 46, '2021-12-13 06:33:38', '172.16.11.67', '172.16.10.220'),
(655392, 1, 1, 19.3, 46, '2021-12-13 06:34:38', '172.16.11.67', '172.16.10.220'),
(655393, 1, 1, 19.2, 46, '2021-12-13 06:35:38', '172.16.11.67', '172.16.10.220'),
(655394, 1, 1, 19.2, 46, '2021-12-13 06:36:38', '172.16.11.67', '172.16.10.220'),
(655395, 1, 1, 19.2, 46, '2021-12-13 06:37:38', '172.16.11.67', '172.16.10.220'),
(655396, 1, 1, 19.2, 46, '2021-12-13 06:38:38', '172.16.11.67', '172.16.10.220'),
(655397, 1, 1, 19.2, 45, '2021-12-13 06:39:38', '172.16.11.67', '172.16.10.220'),
(655398, 1, 1, 19.2, 45, '2021-12-13 06:40:38', '172.16.11.67', '172.16.10.220'),
(655399, 1, 1, 19.2, 45, '2021-12-13 06:41:38', '172.16.11.67', '172.16.10.220'),
(655400, 1, 1, 19.2, 45, '2021-12-13 06:42:38', '172.16.11.67', '172.16.10.220'),
(655401, 1, 1, 19.2, 45, '2021-12-13 06:43:38', '172.16.11.67', '172.16.10.220'),
(655402, 1, 1, 19.2, 45, '2021-12-13 06:44:38', '172.16.11.67', '172.16.10.220'),
(655403, 1, 1, 19.1, 45, '2021-12-13 06:45:38', '172.16.11.67', '172.16.10.220'),
(655404, 1, 1, 19.2, 45, '2021-12-13 06:46:38', '172.16.11.67', '172.16.10.220'),
(655405, 1, 1, 19.2, 45, '2021-12-13 06:47:38', '172.16.11.67', '172.16.10.220'),
(655406, 1, 1, 19.2, 45, '2021-12-13 06:48:38', '172.16.11.67', '172.16.10.220'),
(655407, 1, 1, 19.1, 45, '2021-12-13 06:49:38', '172.16.11.67', '172.16.10.220'),
(655408, 1, 1, 19, 45, '2021-12-13 06:50:38', '172.16.11.67', '172.16.10.220'),
(655409, 1, 1, 19.1, 45, '2021-12-13 06:51:38', '172.16.11.67', '172.16.10.220'),
(655410, 1, 1, 19.1, 45, '2021-12-13 06:52:38', '172.16.11.67', '172.16.10.220'),
(655411, 1, 1, 19.1, 46, '2021-12-13 06:53:38', '172.16.11.67', '172.16.10.220'),
(655412, 1, 1, 19.1, 46, '2021-12-13 06:54:38', '172.16.11.67', '172.16.10.220'),
(655413, 1, 1, 19.1, 46, '2021-12-13 06:55:38', '172.16.11.67', '172.16.10.220'),
(655414, 1, 1, 19.1, 46, '2021-12-13 06:56:38', '172.16.11.67', '172.16.10.220'),
(655415, 1, 1, 19.1, 46, '2021-12-13 06:57:38', '172.16.11.67', '172.16.10.220'),
(655416, 1, 1, 19.1, 46, '2021-12-13 06:58:38', '172.16.11.67', '172.16.10.220'),
(655417, 1, 1, 19.1, 46, '2021-12-13 06:59:38', '172.16.11.67', '172.16.10.220'),
(655418, 1, 1, 19.1, 46, '2021-12-13 07:00:38', '172.16.11.67', '172.16.10.220'),
(655419, 1, 1, 19.1, 46, '2021-12-13 07:01:38', '172.16.11.67', '172.16.10.220'),
(655420, 1, 1, 19.2, 46, '2021-12-13 07:02:38', '172.16.11.67', '172.16.10.220'),
(655421, 1, 1, 19.1, 46, '2021-12-13 07:03:38', '172.16.11.67', '172.16.10.220'),
(655422, 1, 1, 19.2, 46, '2021-12-13 07:04:38', '172.16.11.67', '172.16.10.220'),
(655423, 1, 1, 19.1, 46, '2021-12-13 07:05:38', '172.16.11.67', '172.16.10.220'),
(655424, 1, 1, 19.1, 46, '2021-12-13 07:06:38', '172.16.11.67', '172.16.10.220'),
(655425, 1, 1, 19.2, 46, '2021-12-13 07:07:39', '172.16.11.67', '172.16.10.220'),
(655426, 1, 1, 19.1, 46, '2021-12-13 07:08:38', '172.16.11.67', '172.16.10.220'),
(655427, 1, 1, 19.1, 46, '2021-12-13 07:09:38', '172.16.11.67', '172.16.10.220'),
(655428, 1, 1, 19.1, 46, '2021-12-13 07:10:38', '172.16.11.67', '172.16.10.220'),
(655429, 1, 1, 19.1, 46, '2021-12-13 07:11:38', '172.16.11.67', '172.16.10.220'),
(655430, 1, 1, 19.1, 45, '2021-12-13 07:12:38', '172.16.11.67', '172.16.10.220'),
(655431, 1, 1, 19.1, 45, '2021-12-13 07:13:38', '172.16.11.67', '172.16.10.220'),
(655432, 1, 1, 19.1, 46, '2021-12-13 07:14:38', '172.16.11.67', '172.16.10.220'),
(655433, 1, 1, 19.3, 51, '2021-12-13 07:15:38', '172.16.11.67', '172.16.10.220'),
(655434, 1, 1, 19.6, 55, '2021-12-13 07:16:38', '172.16.11.67', '172.16.10.220'),
(655435, 1, 1, 19.8, 57, '2021-12-13 07:17:38', '172.16.11.67', '172.16.10.220'),
(655436, 1, 1, 19.9, 55, '2021-12-13 07:18:38', '172.16.11.67', '172.16.10.220'),
(655437, 1, 1, 19.9, 54, '2021-12-13 07:19:38', '172.16.11.67', '172.16.10.220'),
(655438, 1, 1, 19.8, 53, '2021-12-13 07:20:38', '172.16.11.67', '172.16.10.220'),
(655439, 1, 1, 19.8, 51, '2021-12-13 07:21:38', '172.16.11.67', '172.16.10.220'),
(655440, 1, 1, 19.7, 51, '2021-12-13 07:22:38', '172.16.11.67', '172.16.10.220'),
(655441, 1, 1, 19.7, 50, '2021-12-13 07:23:38', '172.16.11.67', '172.16.10.220'),
(655442, 1, 1, 19.7, 53, '2021-12-13 07:24:38', '172.16.11.67', '172.16.10.220'),
(655443, 1, 1, 20, 57, '2021-12-13 07:25:38', '172.16.11.67', '172.16.10.220'),
(655444, 1, 1, 20.3, 59, '2021-12-13 07:26:38', '172.16.11.67', '172.16.10.220'),
(655445, 1, 1, 20.4, 58, '2021-12-13 07:27:38', '172.16.11.67', '172.16.10.220'),
(655446, 1, 1, 20.4, 56, '2021-12-13 07:28:38', '172.16.11.67', '172.16.10.220'),
(655447, 1, 1, 20.4, 55, '2021-12-13 07:29:38', '172.16.11.67', '172.16.10.220'),
(655448, 1, 1, 20.3, 53, '2021-12-13 07:30:38', '172.16.11.67', '172.16.10.220'),
(655449, 1, 1, 20.2, 52, '2021-12-13 07:31:38', '172.16.11.67', '172.16.10.220'),
(655450, 1, 1, 20.3, 51, '2021-12-13 07:32:38', '172.16.11.67', '172.16.10.220'),
(655451, 1, 1, 20.2, 50, '2021-12-13 07:33:38', '172.16.11.67', '172.16.10.220'),
(655452, 1, 1, 20.1, 49, '2021-12-13 07:34:38', '172.16.11.67', '172.16.10.220'),
(655453, 1, 1, 20.1, 49, '2021-12-13 07:35:38', '172.16.11.67', '172.16.10.220'),
(655454, 1, 1, 20, 50, '2021-12-13 07:36:38', '172.16.11.67', '172.16.10.220'),
(655455, 1, 1, 20.3, 55, '2021-12-13 07:37:38', '172.16.11.67', '172.16.10.220'),
(655456, 1, 1, 20.5, 58, '2021-12-13 07:38:38', '172.16.11.67', '172.16.10.220'),
(655457, 1, 1, 20.7, 58, '2021-12-13 07:39:38', '172.16.11.67', '172.16.10.220'),
(655458, 1, 1, 20.8, 56, '2021-12-13 07:40:38', '172.16.11.67', '172.16.10.220'),
(655459, 1, 1, 20.7, 55, '2021-12-13 07:41:38', '172.16.11.67', '172.16.10.220'),
(655460, 1, 1, 20.7, 53, '2021-12-13 07:42:38', '172.16.11.67', '172.16.10.220'),
(655461, 1, 1, 20.6, 52, '2021-12-13 07:43:38', '172.16.11.67', '172.16.10.220'),
(655462, 1, 1, 20.5, 51, '2021-12-13 07:44:38', '172.16.11.67', '172.16.10.220'),
(655463, 1, 1, 20.5, 50, '2021-12-13 07:45:38', '172.16.11.67', '172.16.10.220'),
(655464, 1, 1, 20.5, 49, '2021-12-13 07:46:38', '172.16.11.67', '172.16.10.220'),
(655465, 1, 1, 20.5, 49, '2021-12-13 07:47:38', '172.16.11.67', '172.16.10.220'),
(655466, 1, 1, 20.9, 49, '2021-12-13 07:48:38', '172.16.11.67', '172.16.10.220'),
(655467, 1, 1, 21.3, 49, '2021-12-13 07:49:38', '172.16.11.67', '172.16.10.220'),
(655468, 1, 1, 21.6, 49, '2021-12-13 07:50:38', '172.16.11.67', '172.16.10.220'),
(655469, 1, 1, 22, 49, '2021-12-13 07:51:38', '172.16.11.67', '172.16.10.220'),
(655470, 1, 1, 22.3, 48, '2021-12-13 07:52:38', '172.16.11.67', '172.16.10.220'),
(655471, 1, 1, 22.6, 48, '2021-12-13 07:53:38', '172.16.11.67', '172.16.10.220'),
(655472, 1, 1, 22.8, 48, '2021-12-13 07:54:38', '172.16.11.67', '172.16.10.220'),
(655473, 1, 1, 23.1, 48, '2021-12-13 07:55:38', '172.16.11.67', '172.16.10.220'),
(655474, 1, 1, 23.2, 48, '2021-12-13 07:56:38', '172.16.11.67', '172.16.10.220'),
(655475, 1, 1, 23.2, 47, '2021-12-13 07:57:38', '172.16.11.67', '172.16.10.220'),
(655476, 1, 1, 23.2, 46, '2021-12-13 07:58:38', '172.16.11.67', '172.16.10.220'),
(655477, 1, 1, 23.3, 48, '2021-12-13 07:59:38', '172.16.11.67', '172.16.10.220'),
(655478, 1, 1, 23.6, 48, '2021-12-13 08:00:38', '172.16.11.67', '172.16.10.220'),
(655479, 1, 1, 23.8, 48, '2021-12-13 08:01:38', '172.16.11.67', '172.16.10.220'),
(655480, 1, 1, 24, 48, '2021-12-13 08:02:38', '172.16.11.67', '172.16.10.220'),
(655481, 1, 1, 24.1, 47, '2021-12-13 08:03:38', '172.16.11.67', '172.16.10.220'),
(655482, 1, 1, 24.1, 46, '2021-12-13 08:04:38', '172.16.11.67', '172.16.10.220'),
(655483, 1, 1, 23.9, 45, '2021-12-13 08:05:38', '172.16.11.67', '172.16.10.220'),
(655484, 1, 1, 23.9, 46, '2021-12-13 08:06:38', '172.16.11.67', '172.16.10.220'),
(655485, 1, 1, 24.1, 47, '2021-12-13 08:07:38', '172.16.11.67', '172.16.10.220');
INSERT INTO `tb_temp` (`temp_id`, `room_id`, `sensor_id`, `temp_temperature`, `temp_humidity`, `temp_datetime`, `temp_ip`, `temp_ip_server`) VALUES
(655486, 1, 1, 24.3, 48, '2021-12-13 08:08:40', '172.16.11.67', '172.16.10.220'),
(655487, 1, 1, 24.4, 49, '2021-12-13 08:09:38', '172.16.11.67', '172.16.10.220'),
(655488, 1, 1, 24.6, 48, '2021-12-13 08:10:38', '172.16.11.67', '172.16.10.220'),
(655489, 1, 1, 24.6, 47, '2021-12-13 08:11:38', '172.16.11.67', '172.16.10.220'),
(655490, 1, 1, 24.5, 45, '2021-12-13 08:12:38', '172.16.11.67', '172.16.10.220'),
(655491, 1, 1, 24.3, 44, '2021-12-13 08:13:38', '172.16.11.67', '172.16.10.220'),
(655492, 1, 1, 24.2, 43, '2021-12-13 08:14:38', '172.16.11.67', '172.16.10.220'),
(655493, 1, 1, 24.2, 43, '2021-12-13 08:15:38', '172.16.11.67', '172.16.10.220'),
(655494, 1, 1, 24.4, 46, '2021-12-13 08:16:38', '172.16.11.67', '172.16.10.220'),
(655495, 1, 1, 24.6, 48, '2021-12-13 08:17:38', '172.16.11.67', '172.16.10.220'),
(655496, 1, 1, 24.7, 49, '2021-12-13 08:18:38', '172.16.11.67', '172.16.10.220'),
(655497, 1, 1, 24.9, 50, '2021-12-13 08:19:38', '172.16.11.67', '172.16.10.220'),
(655498, 1, 1, 24.9, 50, '2021-12-13 08:20:38', '172.16.11.67', '172.16.10.220'),
(655499, 1, 1, 24.9, 48, '2021-12-13 08:21:38', '172.16.11.67', '172.16.10.220'),
(655500, 1, 1, 24.7, 47, '2021-12-13 08:22:38', '172.16.11.67', '172.16.10.220'),
(655501, 1, 1, 24.6, 45, '2021-12-13 08:23:38', '172.16.11.67', '172.16.10.220'),
(655502, 1, 1, 24.5, 44, '2021-12-13 08:24:38', '172.16.11.67', '172.16.10.220'),
(655503, 1, 1, 24.4, 43, '2021-12-13 08:25:38', '172.16.11.67', '172.16.10.220'),
(655504, 1, 1, 24.3, 42, '2021-12-13 08:26:38', '172.16.11.67', '172.16.10.220'),
(655505, 1, 1, 24.4, 44, '2021-12-13 08:27:38', '172.16.11.67', '172.16.10.220'),
(655506, 1, 1, 24.7, 46, '2021-12-13 08:28:38', '172.16.11.67', '172.16.10.220'),
(655507, 1, 1, 24.7, 48, '2021-12-13 08:29:38', '172.16.11.67', '172.16.10.220'),
(655508, 1, 1, 24.8, 50, '2021-12-13 08:30:38', '172.16.11.67', '172.16.10.220'),
(655509, 1, 1, 25, 51, '2021-12-13 08:31:38', '172.16.11.67', '172.16.10.220'),
(655510, 1, 1, 25.1, 51, '2021-12-13 08:32:38', '172.16.11.67', '172.16.10.220'),
(655511, 1, 1, 25, 49, '2021-12-13 08:33:38', '172.16.11.67', '172.16.10.220'),
(655512, 1, 1, 24.9, 47, '2021-12-13 08:34:38', '172.16.11.67', '172.16.10.220'),
(655513, 1, 1, 24.8, 46, '2021-12-13 08:35:38', '172.16.11.67', '172.16.10.220'),
(655514, 1, 1, 24.7, 44, '2021-12-13 08:36:38', '172.16.11.67', '172.16.10.220'),
(655515, 1, 1, 24.6, 43, '2021-12-13 08:37:38', '172.16.11.67', '172.16.10.220'),
(655516, 1, 1, 24.4, 42, '2021-12-13 08:38:38', '172.16.11.67', '172.16.10.220'),
(655517, 1, 1, 24.4, 41, '2021-12-13 08:39:38', '172.16.11.67', '172.16.10.220'),
(655518, 1, 1, 24.5, 42, '2021-12-13 08:40:38', '172.16.11.67', '172.16.10.220'),
(655519, 1, 1, 24.7, 45, '2021-12-13 08:41:38', '172.16.11.67', '172.16.10.220'),
(655520, 1, 1, 24.8, 47, '2021-12-13 08:42:38', '172.16.11.67', '172.16.10.220'),
(655521, 1, 1, 24.9, 48, '2021-12-13 08:43:38', '172.16.11.67', '172.16.10.220'),
(655522, 1, 1, 25, 50, '2021-12-13 08:44:38', '172.16.11.67', '172.16.10.220'),
(655523, 1, 1, 25.3, 51, '2021-12-13 08:45:38', '172.16.11.67', '172.16.10.220'),
(655524, 1, 1, 25.2, 52, '2021-12-13 08:46:38', '172.16.11.67', '172.16.10.220'),
(655525, 1, 1, 25.2, 50, '2021-12-13 08:47:38', '172.16.11.67', '172.16.10.220'),
(655526, 1, 1, 25, 48, '2021-12-13 08:48:38', '172.16.11.67', '172.16.10.220'),
(655527, 1, 1, 24.9, 46, '2021-12-13 08:49:38', '172.16.11.67', '172.16.10.220'),
(655528, 1, 1, 24.8, 45, '2021-12-13 08:50:38', '172.16.11.67', '172.16.10.220'),
(655529, 1, 1, 24.7, 44, '2021-12-13 08:51:38', '172.16.11.67', '172.16.10.220'),
(655530, 1, 1, 24.7, 42, '2021-12-13 08:52:38', '172.16.11.67', '172.16.10.220'),
(655531, 1, 1, 24.6, 41, '2021-12-13 08:53:38', '172.16.11.67', '172.16.10.220'),
(655532, 1, 1, 24.5, 40, '2021-12-13 08:54:38', '172.16.11.67', '172.16.10.220'),
(655556, 1, 1, 25, 45, '2022-03-12 03:38:10', '172.16.11.67', '172.16.10.220'),
(655558, 1, 1, 30, 45, '2022-03-29 04:19:38', '172.16.11.67', '172.16.10.220');

-- --------------------------------------------------------

--
-- Table structure for table `temp_notify_peek`
--

CREATE TABLE `temp_notify_peek` (
  `id_temp_peek` int(11) NOT NULL,
  `room_id` int(11) NOT NULL,
  `sensor_id` int(11) NOT NULL,
  `temp_temperature` float NOT NULL,
  `temp_humidity` float NOT NULL,
  `date_peek` varchar(80) NOT NULL
) ENGINE=InnoDB DEFAULT CHARSET=utf8mb4;

--
-- Dumping data for table `temp_notify_peek`
--

INSERT INTO `temp_notify_peek` (`id_temp_peek`, `room_id`, `sensor_id`, `temp_temperature`, `temp_humidity`, `date_peek`) VALUES
(1, 1, 1, 20.6, 44.8, '2022-03-14 04:44:36'),
(2, 1, 1, 23, 45, '2022-03-21 14:22:32'),
(3, 1, 1, 30, 50, '2022-03-13T21:44:36.000Z'),
(4, 1, 1, 30, 50, '2022-03-13T21:44:36.000Z'),
(5, 1, 1, 35, 45, '2022-03-24T11:04:23.000Z'),
(6, 1, 1, 35, 45, '2022-03-24T11:04:23.000Z'),
(7, 1, 1, 35, 45, '2022-03-24T11:04:23.000Z'),
(8, 2, 2, 35, 48, '2022-03-24T00:51:36.000Z'),
(9, 1, 1, 35, 45, '2022-03-24T11:04:23.000Z'),
(10, 1, 1, 35, 45, '2022-03-24T11:04:23.000Z');

--
-- Indexes for dumped tables
--

--
-- Indexes for table `admin_main`
--
ALTER TABLE `admin_main`
  ADD PRIMARY KEY (`id_staff_main`);

--
-- Indexes for table `drop_room`
--
ALTER TABLE `drop_room`
  ADD PRIMARY KEY (`drop_id_room`);

--
-- Indexes for table `drop_user`
--
ALTER TABLE `drop_user`
  ADD PRIMARY KEY (`id_staff_drop`);

--
-- Indexes for table `notify`
--
ALTER TABLE `notify`
  ADD PRIMARY KEY (`notitfy_id`),
  ADD KEY `room_notiey` (`room_id`),
  ADD KEY `senser_notify` (`sanser_id`),
  ADD KEY `position_notify` (`id_position`);

--
-- Indexes for table `room`
--
ALTER TABLE `room`
  ADD PRIMARY KEY (`room_id`),
  ADD KEY `room_position` (`id_position`),
  ADD KEY `senson_2` (`sensor_id`);

--
-- Indexes for table `senson`
--
ALTER TABLE `senson`
  ADD PRIMARY KEY (`sensor_id`);

--
-- Indexes for table `staff`
--
ALTER TABLE `staff`
  ADD PRIMARY KEY (`id_staff`),
  ADD KEY `position` (`id_position`);

--
-- Indexes for table `staff_admin`
--
ALTER TABLE `staff_admin`
  ADD PRIMARY KEY (`id_staffadmin`);

--
-- Indexes for table `staff_position`
--
ALTER TABLE `staff_position`
  ADD PRIMARY KEY (`id_position`);

--
-- Indexes for table `table_condition`
--
ALTER TABLE `table_condition`
  ADD PRIMARY KEY (`conondition_id`),
  ADD KEY `senson_by` (`senson_id`);

--
-- Indexes for table `tb_temp`
--
ALTER TABLE `tb_temp`
  ADD PRIMARY KEY (`temp_id`) USING BTREE,
  ADD KEY `tb_temp_room_id` (`room_id`),
  ADD KEY `senson_id` (`sensor_id`);

--
-- Indexes for table `temp_notify_peek`
--
ALTER TABLE `temp_notify_peek`
  ADD PRIMARY KEY (`id_temp_peek`);

--
-- AUTO_INCREMENT for dumped tables
--

--
-- AUTO_INCREMENT for table `admin_main`
--
ALTER TABLE `admin_main`
  MODIFY `id_staff_main` int(11) NOT NULL AUTO_INCREMENT, AUTO_INCREMENT=2;

--
-- AUTO_INCREMENT for table `drop_room`
--
ALTER TABLE `drop_room`
  MODIFY `drop_id_room` int(11) NOT NULL AUTO_INCREMENT, AUTO_INCREMENT=17;

--
-- AUTO_INCREMENT for table `drop_user`
--
ALTER TABLE `drop_user`
  MODIFY `id_staff_drop` int(11) NOT NULL AUTO_INCREMENT, AUTO_INCREMENT=48;

--
-- AUTO_INCREMENT for table `notify`
--
ALTER TABLE `notify`
  MODIFY `notitfy_id` int(11) NOT NULL AUTO_INCREMENT, AUTO_INCREMENT=242;

--
-- AUTO_INCREMENT for table `room`
--
ALTER TABLE `room`
  MODIFY `room_id` int(10) NOT NULL AUTO_INCREMENT, AUTO_INCREMENT=48;

--
-- AUTO_INCREMENT for table `staff`
--
ALTER TABLE `staff`
  MODIFY `id_staff` int(11) NOT NULL AUTO_INCREMENT, AUTO_INCREMENT=92;

--
-- AUTO_INCREMENT for table `staff_admin`
--
ALTER TABLE `staff_admin`
  MODIFY `id_staffadmin` int(11) NOT NULL AUTO_INCREMENT, AUTO_INCREMENT=6;

--
-- AUTO_INCREMENT for table `staff_position`
--
ALTER TABLE `staff_position`
  MODIFY `id_position` int(11) NOT NULL AUTO_INCREMENT, AUTO_INCREMENT=32;

--
-- AUTO_INCREMENT for table `tb_temp`
--
ALTER TABLE `tb_temp`
  MODIFY `temp_id` int(11) NOT NULL AUTO_INCREMENT, AUTO_INCREMENT=655559;

--
-- AUTO_INCREMENT for table `temp_notify_peek`
--
ALTER TABLE `temp_notify_peek`
  MODIFY `id_temp_peek` int(11) NOT NULL AUTO_INCREMENT, AUTO_INCREMENT=11;

--
-- Constraints for dumped tables
--

--
-- Constraints for table `notify`
--
ALTER TABLE `notify`
  ADD CONSTRAINT `position_notify` FOREIGN KEY (`id_position`) REFERENCES `staff_position` (`id_position`) ON DELETE NO ACTION ON UPDATE NO ACTION,
  ADD CONSTRAINT `room_notiey` FOREIGN KEY (`room_id`) REFERENCES `room` (`room_id`) ON DELETE NO ACTION ON UPDATE NO ACTION,
  ADD CONSTRAINT `senser_notify` FOREIGN KEY (`sanser_id`) REFERENCES `senson` (`sensor_id`) ON DELETE NO ACTION ON UPDATE NO ACTION;

--
-- Constraints for table `room`
--
ALTER TABLE `room`
  ADD CONSTRAINT `room_position` FOREIGN KEY (`id_position`) REFERENCES `staff_position` (`id_position`) ON DELETE NO ACTION ON UPDATE NO ACTION,
  ADD CONSTRAINT `senson_2` FOREIGN KEY (`sensor_id`) REFERENCES `senson` (`sensor_id`) ON DELETE NO ACTION ON UPDATE NO ACTION;

--
-- Constraints for table `staff`
--
ALTER TABLE `staff`
  ADD CONSTRAINT `position` FOREIGN KEY (`id_position`) REFERENCES `staff_position` (`id_position`) ON DELETE NO ACTION ON UPDATE NO ACTION;

--
-- Constraints for table `table_condition`
--
ALTER TABLE `table_condition`
  ADD CONSTRAINT `senson_by` FOREIGN KEY (`senson_id`) REFERENCES `senson` (`sensor_id`) ON DELETE NO ACTION ON UPDATE NO ACTION;

--
-- Constraints for table `tb_temp`
--
ALTER TABLE `tb_temp`
  ADD CONSTRAINT `senson_2id` FOREIGN KEY (`sensor_id`) REFERENCES `senson` (`sensor_id`) ON DELETE NO ACTION ON UPDATE NO ACTION,
  ADD CONSTRAINT `tb_temp_room_id` FOREIGN KEY (`room_id`) REFERENCES `room` (`room_id`) ON DELETE NO ACTION ON UPDATE NO ACTION;
COMMIT;

/*!40101 SET CHARACTER_SET_CLIENT=@OLD_CHARACTER_SET_CLIENT */;
/*!40101 SET CHARACTER_SET_RESULTS=@OLD_CHARACTER_SET_RESULTS */;
/*!40101 SET COLLATION_CONNECTION=@OLD_COLLATION_CONNECTION */;
